Variable,LR_Stat,df,p_value,Significant,Delta_AIC
NoPGroup,-141.77367226887355,2,1.0,False,-145.77367226887355
ActivityGroup,-127.89832265924557,1,1.0,False,-129.89832265924557
FinancialRatingGroup,-139.65363894626202,1,1.0,False,-141.65363894626202
TravellingAreaGroup,-40.07523557969736,1,1.0,False,-42.07523557969736
