Variable,LR_Stat,df,p_value,Significant,Delta_AIC
NoPGroup,-53.39072759584862,2,1.0,False,-57.39072759584862
ActivityGroup,-21.988910181740366,1,1.0,False,-23.988910181740366
FinancialRatingGroup,-44.31931335738598,1,1.0,False,-46.31931335738598
TravellingAreaGroup,-12.738485477807245,1,1.0,False,-14.738485477807245
