,Frequency,Severity,Combined
International,1.0,1.0,1.0
Sweden,0.2545353318736453,1.060620929311078,0.2699655002343293
