,Frequency,Severity,Combined
1-5,1.0,1.0,1.0
6-30,2.190728866512873,2.351558141897137,5.151626302737433
>30,16.14245706268917,1.4602725198384838,23.572386451317648
