,Frequency,Severity,Combined
High_Risk,0.3969556072397495,1.0325863686996222,0.40989094901464634
Low_Risk,1.0,1.0,1.0
