,Frequency,Severity,Combined
Good,1.0,1.0,1.0
Other,0.5093294512581719,0.6859120748139386,0.34935522067633745
